<?xml version="1.0" encoding="UTF-8"?>
<metadata xml:lang="en"><Esri><CreaDate>20180329</CreaDate><CreaTime>13014900</CreaTime><ArcGISFormat>1.0</ArcGISFormat><SyncOnce>FALSE</SyncOnce><DataProperties><itemProps><itemName Sync="TRUE">parsel_100</itemName><imsContentType Sync="TRUE">002</imsContentType><itemSize Sync="TRUE">0.000</itemSize><itemLocation><linkage Sync="TRUE">file://\\APC900\E$\MUYE_ALL_PC\Risk Haritalari\TARIM_REV\Susurluk\parsel_100.shp</linkage><protocol Sync="TRUE">Local Area Network</protocol></itemLocation></itemProps><coordRef><type Sync="TRUE">Geographic</type><geogcsn Sync="TRUE">GCS_WGS_1984</geogcsn><csUnits Sync="TRUE">Angular Unit: Degree (0.017453)</csUnits><peXml Sync="TRUE">&lt;GeographicCoordinateSystem xsi:type='typens:GeographicCoordinateSystem' xmlns:xsi='http://www.w3.org/2001/XMLSchema-instance' xmlns:xs='http://www.w3.org/2001/XMLSchema' xmlns:typens='http://www.esri.com/schemas/ArcGIS/10.3'&gt;&lt;WKT&gt;GEOGCS[&amp;quot;GCS_WGS_1984&amp;quot;,DATUM[&amp;quot;D_WGS_1984&amp;quot;,SPHEROID[&amp;quot;WGS_1984&amp;quot;,6378137.0,298.257223563]],PRIMEM[&amp;quot;Greenwich&amp;quot;,0.0],UNIT[&amp;quot;Degree&amp;quot;,0.0174532925199433],AUTHORITY[&amp;quot;EPSG&amp;quot;,4326]]&lt;/WKT&gt;&lt;XOrigin&gt;-400&lt;/XOrigin&gt;&lt;YOrigin&gt;-400&lt;/YOrigin&gt;&lt;XYScale&gt;11258999068426.238&lt;/XYScale&gt;&lt;ZOrigin&gt;-100000&lt;/ZOrigin&gt;&lt;ZScale&gt;10000&lt;/ZScale&gt;&lt;MOrigin&gt;-100000&lt;/MOrigin&gt;&lt;MScale&gt;10000&lt;/MScale&gt;&lt;XYTolerance&gt;8.983152841195215e-009&lt;/XYTolerance&gt;&lt;ZTolerance&gt;0.001&lt;/ZTolerance&gt;&lt;MTolerance&gt;0.001&lt;/MTolerance&gt;&lt;HighPrecision&gt;true&lt;/HighPrecision&gt;&lt;LeftLongitude&gt;-180&lt;/LeftLongitude&gt;&lt;WKID&gt;4326&lt;/WKID&gt;&lt;LatestWKID&gt;4326&lt;/LatestWKID&gt;&lt;/GeographicCoordinateSystem&gt;</peXml></coordRef><lineage><Process ToolSource="c:\program files (x86)\arcgis\desktop10.3\ArcToolbox\Toolboxes\Data Management Tools.tbx\CalculateField" Date="20180329" Time="130710">CalculateField parsel_100 Alan_da [Alan]*10 VB #</Process><Process ToolSource="c:\program files (x86)\arcgis\desktop10.3\ArcToolbox\Toolboxes\Data Management Tools.tbx\CalculateField" Date="20180329" Time="131053">CalculateField parsel_100 Urun_zy cal( !UrunAd! ) PYTHON_9.3 "def cal(x):\n if x=='ZEYT?N' or x=='TRABZON HURMASI' or x=='?EFTAL?' or x=='PORTAKAL' or x=='NEKTAR?N' or x=='NAR' or x=='MANDAL?NA' or x=='L?MON' or x=='K?RAZ' or x=='KAYISI' or x=='ER?K' or x=='ELMA' or x=='BADEM' or x=='ARMUT' or x=='ALTINTOP' :\n  m=0.4\n elif x=='YERFISTI?I' or x=='SUSAM' or x=='SOYA' or x=='SO?AN' or x=='PATATES' or x=='MISIR' or x=='F??' or x=='BU?DAY' or x=='aycicegi' or x=='ARPA' :\n  m=0.8\n elif x=='TURP' or x=='PATLICAN' or x=='PAMUK' or x=='MARUL' or x=='KARPUZ' or x=='ISPANAK' or x=='FASULYE' or x=='DOMATES' or x=='borulce' or x=='B?BER' or x=='LAHANA' or x=='KIRMIZI PANCAR' or x=='KAVUN' or x=='HIYAR' or x=='Ç?LEK' or x=='BAMYA' or x=='PIRASA' or x=='YONCA':\n  m=1\n else:\n  m=0\n return m"</Process><Process ToolSource="c:\program files (x86)\arcgis\desktop10.3\ArcToolbox\Toolboxes\Data Management Tools.tbx\CalculateField" Date="20180329" Time="135922">CalculateField parsel_100 Urun_zy cal( !UrunAd! ) PYTHON_9.3 "def cal(x):\n if x=='ZEYT?N' or x=='TRABZON HURMASI' or x=='?EFTAL?' or x=='PORTAKAL' or x=='NEKTAR?N' or x=='NAR' or x=='MANDAL?NA' or x=='L?MON' or x=='K?RAZ' or x=='KAYISI' or x=='ER?K' or x=='ELMA' or x=='BADEM' or x=='ARMUT' or x=='ALTINTOP' or x=='?NC?R' or x=='AYVA' or x=='CEV?Z' :\n  m=0.4\n elif x=='ÜZÜM' :\n  m=0.6\n elif x=='YERFISTI?I' or x=='SUSAM' or x=='SOYA' or x=='SO?AN' or x=='PATATES' or x=='MISIR' or x=='F??' or x=='BU?DAY' or x=='aycicegi' or x=='ARPA' or x=='?EKER PANCARI' or x=='ADAÇAYI' or x=='AYÇ?ÇE??' or x=='BAKLA' or x=='DEREOTU' or x=='KEK?K' or x=='KOLZA' or x=='NOHUT' or x=='PANCAR' or x=='S?LAJLIK MISIR' or x=='TERE' or x=='TR?T?KALE' or x=='YEM ?ALGAMI' or x=='YEM BEZELYES?' or x=='YULAF' :\n  m=0.8\n elif x=='TURP' or x=='PATLICAN' or x=='PAMUK' or x=='MARUL' or x=='KARPUZ' or x=='ISPANAK' or x=='FASULYE' or x=='DOMATES' or x=='borulce' or x=='B?BER' or x=='LAHANA' or x=='KIRMIZI PANCAR' or x=='KAVUN' or x=='HIYAR' or x=='Ç?LEK' or x=='BAMYA' or x=='PIRASA' or x=='YONCA' or x=='?TALYAN Ç?M?' or x=='BALKABA?I' or x=='BARBUNYA FASULYE' or x=='BEZELYE' or x=='BÖRÜLCE' or x=='BROKOL?' or x=='ÇELT?K' or x=='ENG?NAR' or x=='ISIRGAN OTU' or x=='KABAK' or x=='KARNIBAHAR' or x=='KEREV?Z' or x=='MAYDANOZ' or x=='ROKA' or x=='SARMISAK' or x=='SORGUM' or x=='SORGUM SUDAN OTU MELEZ?' or x=='SUDAN OTU' :\n  m=1\n else:\n  m=0\n return m"</Process><Process ToolSource="c:\program files (x86)\arcgis\desktop10.3\ArcToolbox\Toolboxes\Data Management Tools.tbx\CalculateField" Date="20180329" Time="140130">CalculateField parsel_100 Urun_zy cal( !UrunAd!) PYTHON_9.3 "def cal(x):\n if x=='ZEYT?N' or x=='TRABZON HURMASI' or x=='?EFTAL?' or x=='PORTAKAL' or x=='NEKTAR?N' or x=='NAR' or x=='MANDAL?NA' or x=='L?MON' or x=='K?RAZ' or x=='KAYISI' or x=='ER?K' or x=='ELMA' or x=='BADEM' or x=='ARMUT' or x=='ALTINTOP' or x=='?NC?R' or x=='AYVA' or x=='CEV?Z' :\n  m=0.4\n elif x=='ÜZÜM' :\n  m=0.6\n elif x=='YERFISTI?I' or x=='SUSAM' or x=='SOYA' or x=='SO?AN' or x=='PATATES' or x=='MISIR' or x=='F??' or x=='BU?DAY' or x=='aycicegi' or x=='ARPA' or x=='?EKER PANCARI' or x=='ADAÇAYI' or x=='AYÇ?ÇE??' or x=='BAKLA' or x=='DEREOTU' or x=='KEK?K' or x=='KOLZA' or x=='NOHUT' or x=='PANCAR' or x=='S?LAJLIK MISIR' or x=='TERE' or x=='TR?T?KALE' or x=='YEM ?ALGAMI' or x=='YEM BEZELYES?' or x=='YULAF' :\n  m=0.8\n elif x=='TURP' or x=='PATLICAN' or x=='PAMUK' or x=='MARUL' or x=='KARPUZ' or x=='ISPANAK' or x=='FASULYE' or x=='DOMATES' or x=='borulce' or x=='B?BER' or x=='LAHANA' or x=='KIRMIZI PANCAR' or x=='KAVUN' or x=='HIYAR' or x=='Ç?LEK' or x=='BAMYA' or x=='PIRASA' or x=='YONCA' or x=='?TALYAN Ç?M?' or x=='BALKABA?I' or x=='BARBUNYA FASULYE' or x=='BEZELYE' or x=='BÖRÜLCE' or x=='BROKOL?' or x=='ÇELT?K' or x=='ENG?NAR' or x=='ISIRGAN OTU' or x=='KABAK' or x=='KARNIBAHAR' or x=='KEREV?Z' or x=='MAYDANOZ' or x=='ROKA' or x=='SARMISAK' or x=='SORGUM' or x=='SORGUM SUDAN OTU MELEZ?' or x=='SUDAN OTU' :\n  m=1\n else:\n  m=0\n return m"</Process><Process ToolSource="c:\program files (x86)\arcgis\desktop10.3\ArcToolbox\Toolboxes\Data Management Tools.tbx\CalculateField" Date="20180329" Time="141204">CalculateField parsel_100 Urun_zy cal( !UrunAd!) PYTHON_9.3 "def cal(x):\n if x=='ZEYT?N' or x=='TRABZON HURMASI' or x=='?EFTAL?' or x=='PORTAKAL' or x=='NEKTAR?N' or x=='NAR' or x=='MANDAL?NA' or x=='L?MON' or x=='K?RAZ' or x=='KAYISI' or x=='ER?K' or x=='ELMA' or x=='BADEM' or x=='ARMUT' or x=='ALTINTOP' or x=='?NC?R' or x=='AYVA' or x=='CEV?Z' :\n  m=0.4\n elif x=='ÜZÜM' :\n  m=0.6\n elif x=='YERFISTI?I' or x=='SUSAM' or x=='SOYA' or x=='SO?AN' or x=='PATATES' or x=='MISIR' or x=='F??' or x=='BU?DAY' or x=='aycicegi' or x=='ARPA' or x=='?EKER PANCARI' or x=='ADAÇAYI' or x=='AYÇ?ÇE??' or x=='BAKLA' or x=='DEREOTU' or x=='KEK?K' or x=='KOLZA' or x=='NOHUT' or x=='PANCAR' or x=='S?LAJLIK MISIR' or x=='TERE' or x=='TR?T?KALE' or x=='YEM ?ALGAMI' or x=='YEM BEZELYES?' or x=='YULAF' :\n  m=0.8\n elif x=='TURP' or x=='PATLICAN' or x=='PAMUK' or x=='MARUL' or x=='KARPUZ' or x=='ISPANAK' or x=='FASULYE' or x=='DOMATES' or x=='borulce' or x=='B?BER' or x=='LAHANA' or x=='KIRMIZI PANCAR' or x=='KAVUN' or x=='HIYAR' or x=='Ç?LEK' or x=='BAMYA' or x=='PIRASA' or x=='YONCA' or x=='?TALYAN Ç?M?' or x=='BALKABA?I' or x=='BARBUNYA FASULYE' or x=='BEZELYE' or x=='BÖRÜLCE' or x=='BROKOL?' or x=='ÇELT?K' or x=='ENG?NAR' or x=='ISIRGAN OTU' or x=='KABAK' or x=='KARNIBAHAR' or x=='KEREV?Z' or x=='MAYDANOZ' or x=='ROKA' or x=='SARMISAK' or x=='SORGUM' or x=='SORGUM SUDAN OTU MELEZ?' or x=='SUDAN OTU' :\n  m=1\n else:\n  m=0\n return m"</Process></lineage></DataProperties><SyncDate>20180329</SyncDate><SyncTime>13015000</SyncTime><ModDate>20180329</ModDate><ModTime>13015000</ModTime></Esri><dataIdInfo><envirDesc Sync="TRUE">Microsoft Windows 7 Version 6.1 (Build 7601) Service Pack 1; Esri ArcGIS 10.3.1.4959</envirDesc><dataLang><languageCode value="eng" Sync="TRUE"></languageCode><countryCode value="GBR" Sync="TRUE"></countryCode></dataLang><idCitation><resTitle Sync="TRUE">parsel_100</resTitle><presForm><PresFormCd value="005" Sync="TRUE"></PresFormCd></presForm></idCitation><spatRpType><SpatRepTypCd value="001" Sync="TRUE"></SpatRepTypCd></spatRpType></dataIdInfo><mdLang><languageCode value="eng" Sync="TRUE"></languageCode><countryCode value="GBR" Sync="TRUE"></countryCode></mdLang><mdChar><CharSetCd value="004" Sync="TRUE"></CharSetCd></mdChar><distInfo><distFormat><formatName Sync="TRUE">Shapefile</formatName></distFormat><distTranOps><transSize Sync="TRUE">0.000</transSize></distTranOps></distInfo><mdHrLv><ScopeCd value="005" Sync="TRUE"></ScopeCd></mdHrLv><mdHrLvName Sync="TRUE">dataset</mdHrLvName><refSysInfo><RefSystem><refSysID><identCode code="4326" Sync="TRUE"></identCode><idCodeSpace Sync="TRUE">EPSG</idCodeSpace><idVersion Sync="TRUE">8.6.2</idVersion></refSysID></RefSystem></refSysInfo><spatRepInfo><VectSpatRep><geometObjs Name="parsel_100"><geoObjTyp><GeoObjTypCd value="002" Sync="TRUE"></GeoObjTypCd></geoObjTyp><geoObjCnt Sync="TRUE">0</geoObjCnt></geometObjs><topLvl><TopoLevCd value="001" Sync="TRUE"></TopoLevCd></topLvl></VectSpatRep></spatRepInfo><spdoinfo><ptvctinf><esriterm Name="parsel_100"><efeatyp Sync="TRUE">Simple</efeatyp><efeageom code="4" Sync="TRUE"></efeageom><esritopo Sync="TRUE">FALSE</esritopo><efeacnt Sync="TRUE">0</efeacnt><spindex Sync="TRUE">FALSE</spindex><linrefer Sync="TRUE">FALSE</linrefer></esriterm></ptvctinf></spdoinfo><eainfo><detailed Name="parsel_100"><enttyp><enttypl Sync="TRUE">parsel_100</enttypl><enttypt Sync="TRUE">Feature Class</enttypt><enttypc Sync="TRUE">0</enttypc></enttyp><attr><attrlabl Sync="TRUE">FID</attrlabl><attalias Sync="TRUE">FID</attalias><attrtype Sync="TRUE">OID</attrtype><attwidth Sync="TRUE">4</attwidth><atprecis Sync="TRUE">0</atprecis><attscale Sync="TRUE">0</attscale><attrdef Sync="TRUE">Internal feature number.</attrdef><attrdefs Sync="TRUE">Esri</attrdefs><attrdomv><udom Sync="TRUE">Sequential unique whole numbers that are automatically generated.</udom></attrdomv></attr><attr><attrlabl Sync="TRUE">Shape</attrlabl><attalias Sync="TRUE">Shape</attalias><attrtype Sync="TRUE">Geometry</attrtype><attwidth Sync="TRUE">0</attwidth><atprecis Sync="TRUE">0</atprecis><attscale Sync="TRUE">0</attscale><attrdef Sync="TRUE">Feature geometry.</attrdef><attrdefs Sync="TRUE">Esri</attrdefs><attrdomv><udom Sync="TRUE">Coordinates defining the features.</udom></attrdomv></attr><attr><attrlabl Sync="TRUE">Il</attrlabl><attalias Sync="TRUE">Il</attalias><attrtype Sync="TRUE">String</attrtype><attwidth Sync="TRUE">100</attwidth><atprecis Sync="TRUE">0</atprecis><attscale Sync="TRUE">0</attscale></attr><attr><attrlabl Sync="TRUE">Ilce</attrlabl><attalias Sync="TRUE">Ilce</attalias><attrtype Sync="TRUE">String</attrtype><attwidth Sync="TRUE">100</attwidth><atprecis Sync="TRUE">0</atprecis><attscale Sync="TRUE">0</attscale></attr><attr><attrlabl Sync="TRUE">Mahalle</attrlabl><attalias Sync="TRUE">Mahalle</attalias><attrtype Sync="TRUE">String</attrtype><attwidth Sync="TRUE">250</attwidth><atprecis Sync="TRUE">0</atprecis><attscale Sync="TRUE">0</attscale></attr><attr><attrlabl Sync="TRUE">Id</attrlabl><attalias Sync="TRUE">Id</attalias><attrtype Sync="TRUE">Integer</attrtype><attwidth Sync="TRUE">10</attwidth><atprecis Sync="TRUE">10</atprecis><attscale Sync="TRUE">0</attscale></attr><attr><attrlabl Sync="TRUE">TarimParse</attrlabl><attalias Sync="TRUE">TarimParse</attalias><attrtype Sync="TRUE">Integer</attrtype><attwidth Sync="TRUE">10</attwidth><atprecis Sync="TRUE">10</atprecis><attscale Sync="TRUE">0</attscale></attr><attr><attrlabl Sync="TRUE">AdaNo</attrlabl><attalias Sync="TRUE">AdaNo</attalias><attrtype Sync="TRUE">String</attrtype><attwidth Sync="TRUE">250</attwidth><atprecis Sync="TRUE">0</atprecis><attscale Sync="TRUE">0</attscale></attr><attr><attrlabl Sync="TRUE">ParselNo</attrlabl><attalias Sync="TRUE">ParselNo</attalias><attrtype Sync="TRUE">String</attrtype><attwidth Sync="TRUE">254</attwidth><atprecis Sync="TRUE">0</atprecis><attscale Sync="TRUE">0</attscale></attr><attr><attrlabl Sync="TRUE">ParselAlan</attrlabl><attalias Sync="TRUE">ParselAlan</attalias><attrtype Sync="TRUE">Double</attrtype><attwidth Sync="TRUE">19</attwidth><atprecis Sync="TRUE">18</atprecis><attscale Sync="TRUE">4</attscale></attr><attr><attrlabl Sync="TRUE">EkilenAlan</attrlabl><attalias Sync="TRUE">EkilenAlan</attalias><attrtype Sync="TRUE">Double</attrtype><attwidth Sync="TRUE">13</attwidth><atprecis Sync="TRUE">12</atprecis><attscale Sync="TRUE">3</attscale></attr><attr><attrlabl Sync="TRUE">EkimTarihi</attrlabl><attalias Sync="TRUE">EkimTarihi</attalias><attrtype Sync="TRUE">String</attrtype><attwidth Sync="TRUE">10</attwidth><atprecis Sync="TRUE">0</atprecis><attscale Sync="TRUE">0</attscale></attr><attr><attrlabl Sync="TRUE">HasatTarih</attrlabl><attalias Sync="TRUE">HasatTarih</attalias><attrtype Sync="TRUE">String</attrtype><attwidth Sync="TRUE">10</attwidth><atprecis Sync="TRUE">0</atprecis><attscale Sync="TRUE">0</attscale></attr><attr><attrlabl Sync="TRUE">UrunAd</attrlabl><attalias Sync="TRUE">UrunAd</attalias><attrtype Sync="TRUE">String</attrtype><attwidth Sync="TRUE">100</attwidth><atprecis Sync="TRUE">0</atprecis><attscale Sync="TRUE">0</attscale></attr></detailed></eainfo><mdDateSt Sync="TRUE">20180329</mdDateSt></metadata>
